Date,Uptime Lydia App %,Uptime TPP interface %,PISP Response (millsec.),Payment Response in Lydia App (millsec.),AISP Response (millsec.),Account balance Response in Lydia App (millsec.),CBPII Response (millsec.)
2026-07-01,99.99,100.0,88.41,163.89,85.98,875.16,88.38
2026-07-02,99.99,100.0,88.34,163.47,87.67,837.33,89.59
2026-07-03,99.99,100.0,88.37,168.31,86.51,842.23,88.33
2026-07-04,99.99,99.99,88.33,164.04,88.83,802.0,88.25
2026-07-05,99.99,100.0,88.87,156.5,86.38,810.26,89.43
2026-07-06,99.99,100.0,87.17,166.21,86.39,839.76,87.09
2026-07-07,99.99,100.0,89.38,167.86,87.04,840.79,89.4
2026-07-08,99.98,100.0,92.02,172.81,91.12,847.54,91.78
2026-07-09,99.99,100.0,89.32,162.11,86.61,863.48,89.52
2026-07-10,99.98,100.0,85.37,171.32,85.19,859.39,85.46
2026-07-11,99.99,100.0,84.91,170.15,84.61,826.5,84.14
2026-07-12,99.99,100.0,85.39,163.72,83.98,829.61,85.3
2026-07-13,99.99,100.0,86.22,171.26,84.89,857.87,85.95
2026-07-14,99.99,100.0,86.44,164.66,84.22,861.59,86.55
2026-07-15,99.98,100.0,84.96,178.78,83.86,998.13,85.35
2026-07-16,99.99,100.0,89.95,171.97,88.1,857.86,89.49
2026-07-17,99.99,100.0,84.93,168.49,84.36,847.76,85.58
2026-07-18,99.99,99.91,86.51,171.17,85.56,820.17,91.67
2026-07-19,99.99,100.0,85.79,152.58,84.11,821.18,90.8
2026-07-20,99.99,100.0,87.32,165.14,86.76,848.63,86.52
2026-07-21,99.98,100.0,85.11,162.78,84.83,872.06,85.3
2026-07-22,99.99,100.0,85.33,174.57,84.77,894.34,85.2
2026-07-23,99.99,100.0,84.96,161.74,85.11,907.03,85.33
2026-07-24,99.99,100.0,85.96,157.38,85.1,876.93,85.9
2026-07-25,99.97,100.0,87.16,164.61,84.36,792.82,87.08
2026-07-26,99.98,100.0,87.45,185.34,84.72,799.26,87.15
2026-07-27,99.99,100.0,87.96,168.61,84.51,849.51,88.08
2026-07-28,99.98,100.0,86.71,206.71,84.11,846.14,86.89
2026-07-29,99.99,100.0,85.13,201.52,84.59,857.44,85.27
2026-07-30,99.99,100.0,87.44,208.49,86.76,823.68,87.48
2026-07-31,99.99,100.0,89.32,159.41,87.47,846.42,86.43
